{"cameraMode":{"drawMode":0,"name":"Shaded","section":"Shading Mode"},"sceneLighting":false,"audioPlay":false,"sceneViewState":{"m_AlwaysRefresh":false,"showFog":true,"showSkybox":false,"showFlares":true,"showImageEffects":true,"showParticleSystems":true,"showVisualEffectGraphs":true,"m_FxEnabled":true},"in2DMode":false,"pivot":{"x":1.0356221199035645,"y":1.081608772277832,"z":-1.321219801902771},"rotation":{"x":-0.0008034809143282473,"y":-0.9991549253463745,"z":-0.033582527190446857,"w":0.023998405784368516},"size":0.47477322816848757,"orthographic":false}